{"cameraMode":{"drawMode":0,"name":"Shaded","section":"Shading Mode"},"sceneLighting":true,"audioPlay":false,"sceneViewState":{"showFog":true,"showMaterialUpdate":false,"showSkybox":true,"showFlares":true,"showImageEffects":true,"showParticleSystems":true},"in2DMode":false,"pivot":{"x":3.52774977684021,"y":2.323824405670166,"z":-3.9429728984832765},"rotation":{"x":-0.013763615861535073,"y":-0.9632577300071716,"z":0.2634809613227844,"w":-0.05033247545361519},"size":5.2355194091796879,"orthographic":false}