{"cameraMode":{"drawMode":0,"name":"Shaded","section":"Shading Mode"},"sceneLighting":false,"audioPlay":false,"sceneViewState":{"showFog":true,"showMaterialUpdate":false,"showSkybox":false,"showFlares":true,"showImageEffects":true,"showParticleSystems":true},"in2DMode":false,"pivot":{"x":3.52774977684021,"y":2.323824405670166,"z":-3.9429728984832765},"rotation":{"x":0.17142054438591004,"y":0.7629881501197815,"z":-0.5812327861785889,"w":0.22502613067626954},"size":2.6847779750823976,"orthographic":false}